{
  "best_epoch": 17,
  "peak_cpu_memory_MB": 1007.416,
  "training_duration": "0:10:45.058983",
  "training_start_epoch": 0,
  "training_epochs": 17,
  "epoch": 17,
  "training_accuracy": 0.7676285307864256,
  "training_loss": 0.566072398482205,
  "training_cpu_memory_MB": 1007.416,
  "validation_accuracy": 0.7957732168258485,
  "validation_loss": 0.5231099267091069,
  "best_validation_accuracy": 0.7957732168258485,
  "best_validation_loss": 0.5231099267091069
}