{
  "best_epoch": 20,
  "peak_cpu_memory_MB": 1018.936,
  "training_duration": "0:12:27.139233",
  "training_start_epoch": 0,
  "training_epochs": 20,
  "epoch": 20,
  "training_accuracy": 0.7937411095305832,
  "training_loss": 0.505546955802998,
  "training_cpu_memory_MB": 1018.936,
  "validation_accuracy": 0.8186344238975818,
  "validation_loss": 0.46149863975195143,
  "best_validation_accuracy": 0.8186344238975818,
  "best_validation_loss": 0.46149863975195143
}