{
  "best_epoch": 11,
  "peak_cpu_memory_MB": 862.116,
  "training_duration": "0:07:12.058161",
  "training_start_epoch": 0,
  "training_epochs": 11,
  "epoch": 11,
  "training_accuracy": 0.7080877870351554,
  "training_loss": 0.6842684218442285,
  "training_cpu_memory_MB": 862.116,
  "validation_accuracy": 0.727494411704938,
  "validation_loss": 0.6503426107493314,
  "best_validation_accuracy": 0.727494411704938,
  "best_validation_loss": 0.6503426107493314
}