{
  "best_epoch": 0,
  "peak_cpu_memory_MB": 590.0,
  "training_duration": "0:01:34.910381",
  "training_start_epoch": 0,
  "training_epochs": 0,
  "epoch": 0,
  "training_accuracy": 0.3360089412720992,
  "training_loss": 1.0998041993611818,
  "training_cpu_memory_MB": 590.0,
  "validation_accuracy": 0.32676285307864256,
  "validation_loss": 1.098970110153223,
  "best_validation_accuracy": 0.32676285307864256,
  "best_validation_loss": 1.098970110153223
}