{
  "best_epoch": 8,
  "peak_cpu_memory_MB": 1542.508,
  "training_duration": "0:39:51.763262",
  "training_start_epoch": 0,
  "training_epochs": 8,
  "epoch": 8,
  "training_accuracy": 0.8038000406421459,
  "training_loss": 0.49893874573436653,
  "training_cpu_memory_MB": 1542.508,
  "validation_accuracy": 0.858666937614306,
  "validation_loss": 0.36140253467412736,
  "best_validation_accuracy": 0.858666937614306,
  "best_validation_loss": 0.36140253467412736
}