{
  "best_epoch": 11,
  "peak_cpu_memory_MB": 1827.164,
  "training_duration": "0:57:32.937083",
  "training_start_epoch": 0,
  "training_epochs": 12,
  "epoch": 12,
  "training_accuracy": 0.8469823206665312,
  "training_loss": 0.39264900382463036,
  "training_cpu_memory_MB": 1827.164,
  "validation_accuracy": 0.8879292826661248,
  "validation_loss": 0.30182245320507456,
  "best_validation_accuracy": 0.8918918918918919,
  "best_validation_loss": 0.29306544987605765
}