{
  "best_epoch": 6,
  "peak_cpu_memory_MB": 1542.508,
  "training_duration": "0:35:24.771091",
  "training_start_epoch": 0,
  "training_epochs": 7,
  "epoch": 7,
  "training_accuracy": 0.7732168258484048,
  "training_loss": 0.5654607856428469,
  "training_cpu_memory_MB": 1542.508,
  "validation_accuracy": 0.8156878683194473,
  "validation_loss": 0.46433525595378566,
  "best_validation_accuracy": 0.8204633204633205,
  "best_validation_loss": 0.4554886321549292
}