{
  "best_epoch": 15,
  "peak_cpu_memory_MB": 1888.408,
  "training_duration": "1:11:31.737997",
  "training_start_epoch": 0,
  "training_epochs": 15,
  "epoch": 15,
  "training_accuracy": 0.8736029262345052,
  "training_loss": 0.33756685133588005,
  "training_cpu_memory_MB": 1888.408,
  "validation_accuracy": 0.9290794553952448,
  "validation_loss": 0.20062515797553124,
  "best_validation_accuracy": 0.9290794553952448,
  "best_validation_loss": 0.20062515797553124
}