{
  "best_epoch": 20,
  "peak_cpu_memory_MB": 2457.972,
  "training_duration": "1:34:54.840207",
  "training_start_epoch": 0,
  "training_epochs": 20,
  "epoch": 20,
  "training_accuracy": 0.8918918918918919,
  "training_loss": 0.2937254172979624,
  "training_cpu_memory_MB": 2457.972,
  "validation_accuracy": 0.9364966470229628,
  "validation_loss": 0.18328408394976484,
  "best_validation_accuracy": 0.9364966470229628,
  "best_validation_loss": 0.18328408394976484
}