{
  "best_epoch": 22,
  "peak_cpu_memory_MB": 1022.836,
  "training_duration": "0:13:27.343493",
  "training_start_epoch": 0,
  "training_epochs": 22,
  "epoch": 22,
  "training_accuracy": 0.8174151595204227,
  "training_loss": 0.4637864772472289,
  "training_cpu_memory_MB": 1022.836,
  "validation_accuracy": 0.828083722820565,
  "validation_loss": 0.43555063889785245,
  "best_validation_accuracy": 0.828083722820565,
  "best_validation_loss": 0.43555063889785245
}