{
  "best_epoch": 44,
  "peak_cpu_memory_MB": 1341.916,
  "training_duration": "0:27:42.878164",
  "training_start_epoch": 0,
  "training_epochs": 44,
  "epoch": 44,
  "training_accuracy": 0.9501117659012396,
  "training_loss": 0.16226340558186367,
  "training_cpu_memory_MB": 1341.916,
  "validation_accuracy": 0.9521438731965047,
  "validation_loss": 0.15658136175389026,
  "best_validation_accuracy": 0.9521438731965047,
  "best_validation_loss": 0.15658136175389026
}