{
  "best_epoch": 1,
  "peak_cpu_memory_MB": 1219.34,
  "training_duration": "0:08:50.645711",
  "training_start_epoch": 0,
  "training_epochs": 1,
  "epoch": 1,
  "training_accuracy": 0.5439951229424914,
  "training_loss": 0.9532646925805451,
  "training_cpu_memory_MB": 1219.34,
  "validation_accuracy": 0.6218248323511482,
  "validation_loss": 0.8386867824312928,
  "best_validation_accuracy": 0.6218248323511482,
  "best_validation_loss": 0.8386867824312928
}