{
  "best_epoch": 17,
  "peak_cpu_memory_MB": 2404.636,
  "training_duration": "1:20:45.797729",
  "training_start_epoch": 0,
  "training_epochs": 17,
  "epoch": 17,
  "training_accuracy": 0.8813249339565129,
  "training_loss": 0.3175988823368952,
  "training_cpu_memory_MB": 2404.636,
  "validation_accuracy": 0.9313147734200365,
  "validation_loss": 0.1980154729726446,
  "best_validation_accuracy": 0.9313147734200365,
  "best_validation_loss": 0.1980154729726446
}