{
  "best_epoch": 14,
  "peak_cpu_memory_MB": 1888.408,
  "training_duration": "1:06:52.804686",
  "training_start_epoch": 0,
  "training_epochs": 14,
  "epoch": 14,
  "training_accuracy": 0.8645600487705751,
  "training_loss": 0.3495360974270802,
  "training_cpu_memory_MB": 1888.408,
  "validation_accuracy": 0.9222718959561065,
  "validation_loss": 0.2211507355141175,
  "best_validation_accuracy": 0.9222718959561065,
  "best_validation_loss": 0.2211507355141175
}