{
  "best_epoch": 18,
  "peak_cpu_memory_MB": 2404.636,
  "training_duration": "1:25:23.391133",
  "training_start_epoch": 0,
  "training_epochs": 18,
  "epoch": 18,
  "training_accuracy": 0.8831538305222516,
  "training_loss": 0.30908912531547733,
  "training_cpu_memory_MB": 2404.636,
  "validation_accuracy": 0.93578540946962,
  "validation_loss": 0.18469832965789676,
  "best_validation_accuracy": 0.93578540946962,
  "best_validation_loss": 0.18469832965789676
}