{
  "best_epoch": 26,
  "peak_cpu_memory_MB": 2500.716,
  "training_duration": "2:07:45.248554",
  "training_start_epoch": 0,
  "training_epochs": 27,
  "epoch": 27,
  "training_accuracy": 0.8975817923186344,
  "training_loss": 0.26837006939405744,
  "training_cpu_memory_MB": 2500.716,
  "validation_accuracy": 0.9424913635439951,
  "validation_loss": 0.166111464678709,
  "best_validation_accuracy": 0.9456411298516562,
  "best_validation_loss": 0.1600122705839768
}