{
  "best_epoch": 10,
  "peak_cpu_memory_MB": 1827.164,
  "training_duration": "0:48:37.205981",
  "training_start_epoch": 0,
  "training_epochs": 10,
  "epoch": 10,
  "training_accuracy": 0.8270676691729323,
  "training_loss": 0.44237384113011424,
  "training_cpu_memory_MB": 1827.164,
  "validation_accuracy": 0.882950619792725,
  "validation_loss": 0.30975133160056617,
  "best_validation_accuracy": 0.882950619792725,
  "best_validation_loss": 0.30975133160056617
}