{
  "best_epoch": 24,
  "peak_cpu_memory_MB": 1030.212,
  "training_duration": "0:15:05.668475",
  "training_start_epoch": 0,
  "training_epochs": 25,
  "epoch": 25,
  "training_accuracy": 0.8448486080065027,
  "training_loss": 0.39782084635906406,
  "training_cpu_memory_MB": 1030.212,
  "validation_accuracy": 0.8538914854704328,
  "validation_loss": 0.3787598262069287,
  "best_validation_accuracy": 0.8556187766714083,
  "best_validation_loss": 0.3757524046224433
}