{
  "best_epoch": 3,
  "peak_cpu_memory_MB": 733.62,
  "training_duration": "0:02:24.185505",
  "training_start_epoch": 0,
  "training_epochs": 3,
  "epoch": 3,
  "training_accuracy": 0.5202194675878886,
  "training_loss": 0.9649862418701123,
  "training_cpu_memory_MB": 733.62,
  "validation_accuracy": 0.5576102418207681,
  "validation_loss": 0.9273020317415138,
  "best_validation_accuracy": 0.5576102418207681,
  "best_validation_loss": 0.9273020317415138
}