{
  "best_epoch": 49,
  "peak_cpu_memory_MB": 1373.216,
  "training_duration": "0:33:11.562222",
  "training_start_epoch": 0,
  "training_epochs": 52,
  "epoch": 52,
  "training_accuracy": 0.9532615322089006,
  "training_loss": 0.15174662958008128,
  "training_cpu_memory_MB": 1373.216,
  "validation_accuracy": 0.9539727697622434,
  "validation_loss": 0.15104060059461694,
  "best_validation_accuracy": 0.9546840073155862,
  "best_validation_loss": 0.15182878145972242
}