{
  "best_epoch": 22,
  "peak_cpu_memory_MB": 2479.532,
  "training_duration": "1:44:31.197332",
  "training_start_epoch": 0,
  "training_epochs": 22,
  "epoch": 22,
  "training_accuracy": 0.892704734809998,
  "training_loss": 0.28419918784653986,
  "training_cpu_memory_MB": 2479.532,
  "validation_accuracy": 0.940865677707783,
  "validation_loss": 0.1740497454468693,
  "best_validation_accuracy": 0.940865677707783,
  "best_validation_loss": 0.1740497454468693
}