{
  "best_epoch": 55,
  "peak_cpu_memory_MB": 1913.532,
  "training_duration": "0:37:47.717426",
  "training_start_epoch": 0,
  "training_epochs": 59,
  "epoch": 59,
  "training_accuracy": 0.9551920341394026,
  "training_loss": 0.15039917258182903,
  "training_cpu_memory_MB": 1913.532,
  "validation_accuracy": 0.9542775858565332,
  "validation_loss": 0.15097115884909962,
  "best_validation_accuracy": 0.9550904287746393,
  "best_validation_loss": 0.14955672767472925
}