{
  "best_epoch": 3,
  "peak_cpu_memory_MB": 1342.544,
  "training_duration": "0:17:49.720475",
  "training_start_epoch": 0,
  "training_epochs": 3,
  "epoch": 3,
  "training_accuracy": 0.638996138996139,
  "training_loss": 0.803031048701181,
  "training_cpu_memory_MB": 1342.544,
  "validation_accuracy": 0.7407031091241617,
  "validation_loss": 0.6391401352820458,
  "best_validation_accuracy": 0.7407031091241617,
  "best_validation_loss": 0.6391401352820458
}