{
  "best_epoch": 11,
  "peak_cpu_memory_MB": 1827.164,
  "training_duration": "0:53:01.255795",
  "training_start_epoch": 0,
  "training_epochs": 11,
  "epoch": 11,
  "training_accuracy": 0.8401747612273928,
  "training_loss": 0.412492961054305,
  "training_cpu_memory_MB": 1827.164,
  "validation_accuracy": 0.8918918918918919,
  "validation_loss": 0.29306544987605765,
  "best_validation_accuracy": 0.8918918918918919,
  "best_validation_loss": 0.29306544987605765
}