{
  "best_epoch": 24,
  "peak_cpu_memory_MB": 2479.532,
  "training_duration": "1:53:49.845676",
  "training_start_epoch": 0,
  "training_epochs": 24,
  "epoch": 24,
  "training_accuracy": 0.8962609225767121,
  "training_loss": 0.2757264521069728,
  "training_cpu_memory_MB": 2479.532,
  "validation_accuracy": 0.9411704938020727,
  "validation_loss": 0.1702923821164416,
  "best_validation_accuracy": 0.9411704938020727,
  "best_validation_loss": 0.1702923821164416
}