{
  "best_epoch": 26,
  "peak_cpu_memory_MB": 2512.016,
  "training_duration": "2:21:52.978406",
  "training_start_epoch": 0,
  "training_epochs": 30,
  "epoch": 30,
  "training_accuracy": 0.9012395854501117,
  "training_loss": 0.2682168335085372,
  "training_cpu_memory_MB": 2512.016,
  "validation_accuracy": 0.9450314976630766,
  "validation_loss": 0.15886682859174422,
  "best_validation_accuracy": 0.9456411298516562,
  "best_validation_loss": 0.1600122705839768
}