{
  "best_epoch": 21,
  "peak_cpu_memory_MB": 2465.58,
  "training_duration": "1:39:46.241627",
  "training_start_epoch": 0,
  "training_epochs": 21,
  "epoch": 21,
  "training_accuracy": 0.8926031294452347,
  "training_loss": 0.28620911519006864,
  "training_cpu_memory_MB": 2465.58,
  "validation_accuracy": 0.9391383865068076,
  "validation_loss": 0.17652839090215502,
  "best_validation_accuracy": 0.9391383865068076,
  "best_validation_loss": 0.17652839090215502
}