{
  "best_epoch": 26,
  "peak_cpu_memory_MB": 2502.916,
  "training_duration": "2:17:14.327802",
  "training_start_epoch": 0,
  "training_epochs": 29,
  "epoch": 29,
  "training_accuracy": 0.8937207884576306,
  "training_loss": 0.27682599028596633,
  "training_cpu_memory_MB": 2502.916,
  "validation_accuracy": 0.9447266815687868,
  "validation_loss": 0.1607211716291676,
  "best_validation_accuracy": 0.9456411298516562,
  "best_validation_loss": 0.1600122705839768
}