{
  "best_epoch": 37,
  "peak_cpu_memory_MB": 1325.492,
  "training_duration": "0:22:58.412527",
  "training_start_epoch": 0,
  "training_epochs": 37,
  "epoch": 37,
  "training_accuracy": 0.9312131680552733,
  "training_loss": 0.20741762479694634,
  "training_cpu_memory_MB": 1325.492,
  "validation_accuracy": 0.9369030684820159,
  "validation_loss": 0.19370552231013388,
  "best_validation_accuracy": 0.9369030684820159,
  "best_validation_loss": 0.19370552231013388
}