{
  "best_epoch": 28,
  "peak_cpu_memory_MB": 1301.324,
  "training_duration": "0:17:04.708744",
  "training_start_epoch": 0,
  "training_epochs": 28,
  "epoch": 28,
  "training_accuracy": 0.8812233285917497,
  "training_loss": 0.32350384204515387,
  "training_cpu_memory_MB": 1301.324,
  "validation_accuracy": 0.8973785815891079,
  "validation_loss": 0.28925597924110175,
  "best_validation_accuracy": 0.8973785815891079,
  "best_validation_loss": 0.28925597924110175
}