{
  "best_epoch": 12,
  "peak_cpu_memory_MB": 864.396,
  "training_duration": "0:07:44.168886",
  "training_start_epoch": 0,
  "training_epochs": 12,
  "epoch": 12,
  "training_accuracy": 0.7144889250152408,
  "training_loss": 0.6651463002547041,
  "training_cpu_memory_MB": 864.396,
  "validation_accuracy": 0.7361308677098151,
  "validation_loss": 0.6333548076354064,
  "best_validation_accuracy": 0.7361308677098151,
  "best_validation_loss": 0.6333548076354064
}