{
  "best_epoch": 32,
  "peak_cpu_memory_MB": 1311.232,
  "training_duration": "0:19:40.871224",
  "training_start_epoch": 0,
  "training_epochs": 32,
  "epoch": 32,
  "training_accuracy": 0.9037797195691932,
  "training_loss": 0.269619792965906,
  "training_cpu_memory_MB": 1311.232,
  "validation_accuracy": 0.9160739687055477,
  "validation_loss": 0.2418653385399224,
  "best_validation_accuracy": 0.9160739687055477,
  "best_validation_loss": 0.2418653385399224
}