{
  "best_epoch": 42,
  "peak_cpu_memory_MB": 1337.62,
  "training_duration": "0:26:22.043180",
  "training_start_epoch": 0,
  "training_epochs": 42,
  "epoch": 42,
  "training_accuracy": 0.9449298922983134,
  "training_loss": 0.17271160870161537,
  "training_cpu_memory_MB": 1337.62,
  "validation_accuracy": 0.9502133712660028,
  "validation_loss": 0.1641671360627591,
  "best_validation_accuracy": 0.9502133712660028,
  "best_validation_loss": 0.1641671360627591
}