{
  "best_epoch": 40,
  "peak_cpu_memory_MB": 1333.4,
  "training_duration": "0:25:00.641611",
  "training_start_epoch": 0,
  "training_epochs": 40,
  "epoch": 40,
  "training_accuracy": 0.9366998577524893,
  "training_loss": 0.18999587689441713,
  "training_cpu_memory_MB": 1333.4,
  "validation_accuracy": 0.9438122332859175,
  "validation_loss": 0.1784058759327639,
  "best_validation_accuracy": 0.9438122332859175,
  "best_validation_loss": 0.1784058759327639
}