{
  "best_epoch": 29,
  "peak_cpu_memory_MB": 1302.548,
  "training_duration": "0:17:43.888322",
  "training_start_epoch": 0,
  "training_epochs": 29,
  "epoch": 29,
  "training_accuracy": 0.8871164397480187,
  "training_loss": 0.30670280621520113,
  "training_cpu_memory_MB": 1302.548,
  "validation_accuracy": 0.8992074781548466,
  "validation_loss": 0.2813142995507299,
  "best_validation_accuracy": 0.8992074781548466,
  "best_validation_loss": 0.2813142995507299
}