{
  "best_epoch": 23,
  "peak_cpu_memory_MB": 1025.612,
  "training_duration": "0:13:55.881736",
  "training_start_epoch": 0,
  "training_epochs": 23,
  "epoch": 23,
  "training_accuracy": 0.8256451940662467,
  "training_loss": 0.4438652888230689,
  "training_cpu_memory_MB": 1025.612,
  "validation_accuracy": 0.8502336923389555,
  "validation_loss": 0.3997391067058235,
  "best_validation_accuracy": 0.8502336923389555,
  "best_validation_loss": 0.3997391067058235
}