{
  "best_epoch": 0,
  "peak_cpu_memory_MB": 589.728,
  "training_duration": "0:00:36.136495",
  "training_start_epoch": 0,
  "training_epochs": 0,
  "epoch": 0,
  "training_accuracy": 0.3838650680755944,
  "training_loss": 1.084294112471791,
  "training_cpu_memory_MB": 589.728,
  "validation_accuracy": 0.4438122332859175,
  "validation_loss": 1.0406822788637955,
  "best_validation_accuracy": 0.4438122332859175,
  "best_validation_loss": 1.0406822788637955
}