{
  "best_epoch": 15,
  "peak_cpu_memory_MB": 1001.3,
  "training_duration": "0:09:34.014960",
  "training_start_epoch": 0,
  "training_epochs": 15,
  "epoch": 15,
  "training_accuracy": 0.7456817719975615,
  "training_loss": 0.6048679604352295,
  "training_cpu_memory_MB": 1001.3,
  "validation_accuracy": 0.7697622434464539,
  "validation_loss": 0.5695077264076703,
  "best_validation_accuracy": 0.7697622434464539,
  "best_validation_loss": 0.5695077264076703
}