{
  "best_epoch": 55,
  "peak_cpu_memory_MB": 1912.5,
  "training_duration": "0:37:10.298704",
  "training_start_epoch": 0,
  "training_epochs": 58,
  "epoch": 58,
  "training_accuracy": 0.954582401950823,
  "training_loss": 0.15057196303621515,
  "training_cpu_memory_MB": 1912.5,
  "validation_accuracy": 0.9546840073155862,
  "validation_loss": 0.1497782320933199,
  "best_validation_accuracy": 0.9550904287746393,
  "best_validation_loss": 0.14955672767472925
}