{
  "best_epoch": 55,
  "peak_cpu_memory_MB": 1905.56,
  "training_duration": "0:35:13.135188",
  "training_start_epoch": 0,
  "training_epochs": 55,
  "epoch": 55,
  "training_accuracy": 0.9551920341394026,
  "training_loss": 0.14958735947896326,
  "training_cpu_memory_MB": 1905.56,
  "validation_accuracy": 0.9550904287746393,
  "validation_loss": 0.14955672767472925,
  "best_validation_accuracy": 0.9550904287746393,
  "best_validation_loss": 0.14955672767472925
}