{
  "best_epoch": 42,
  "peak_cpu_memory_MB": 1340.224,
  "training_duration": "0:27:02.508434",
  "training_start_epoch": 0,
  "training_epochs": 43,
  "epoch": 43,
  "training_accuracy": 0.9483844747002642,
  "training_loss": 0.16940841780878702,
  "training_cpu_memory_MB": 1340.224,
  "validation_accuracy": 0.9497053444421866,
  "validation_loss": 0.15921098234543166,
  "best_validation_accuracy": 0.9502133712660028,
  "best_validation_loss": 0.1641671360627591
}